<?xml version="1.0" encoding="UTF-8"?>
<!DOCTYPE policymap [
<!ELEMENT policymap (policy)+>
<!ELEMENT policy (#PCDATA)>
<!ATTLIST policy domain (delegate|coder|filter|path|resource) #IMPLIED>
<!ATTLIST policy name CDATA #IMPLIED>
<!ATTLIST policy rights CDATA #IMPLIED>
<!ATTLIST policy pattern CDATA #IMPLIED>
<!ATTLIST policy value CDATA #IMPLIED>
]>
<policymap>
  <policy domain="resource" name="memory" value="2GiB"/>
  <policy domain="resource" name="map" value="4GiB"/>
  <policy domain="resource" name="width" value="16KP"/>
  <policy domain="resource" name="height" value="16KP"/>
  <policy domain="resource" name="area" value="128MB"/>
  <policy domain="resource" name="disk" value="1GiB"/>
  <policy domain="delegate" rights="none" pattern="URL" />
  <policy domain="delegate" rights="none" pattern="HTTPS" />
  <policy domain="delegate" rights="none" pattern="HTTP" />
  <policy domain="path" rights="none" pattern="@*"/>
  <policy domain="cache" name="shared-secret" value="passphrase" stealth="true"/>
</policymap>